<?xml version="1.0" encoding="UTF-8"?>
<!-- IMPORTANT: This is an internal file that has been generated
     by the Xilinx ISE software.  Any direct editing or
     changes made to this file may result in unpredictable
     behavior or data corruption.  It is strongly advised that
     users do not edit the contents of this file. -->
<DeviceUsageSummary rev="14">
<DesignStatistics TimeStamp="Mon May 05 19:42:34 2014"><group name="NetStatistics">
<item name="NumNets_Active" rev="14">
<attrib name="value" value="1210"/></item>
<item name="NumNets_Gnd" rev="14">
<attrib name="value" value="1"/></item>
<item name="NumNets_Vcc" rev="14">
<attrib name="value" value="1"/></item>
<item name="NumNodesOfType_Active_BOUNCEACROSS" rev="14">
<attrib name="value" value="35"/></item>
<item name="NumNodesOfType_Active_BOUNCEIN" rev="14">
<attrib name="value" value="146"/></item>
<item name="NumNodesOfType_Active_BUFGOUT" rev="14">
<attrib name="value" value="5"/></item>
<item name="NumNodesOfType_Active_BUFHINP2OUT" rev="14">
<attrib name="value" value="15"/></item>
<item name="NumNodesOfType_Active_BUFIOINP" rev="14">
<attrib name="value" value="1"/></item>
<item name="NumNodesOfType_Active_CLKPIN" rev="14">
<attrib name="value" value="291"/></item>
<item name="NumNodesOfType_Active_CLKPINFEED" rev="14">
<attrib name="value" value="35"/></item>
<item name="NumNodesOfType_Active_CNTRLPIN" rev="14">
<attrib name="value" value="169"/></item>
<item name="NumNodesOfType_Active_DOUBLE" rev="14">
<attrib name="value" value="1250"/></item>
<item name="NumNodesOfType_Active_GENERIC" rev="14">
<attrib name="value" value="52"/></item>
<item name="NumNodesOfType_Active_GENERIC1" rev="14">
<attrib name="value" value="9"/></item>
<item name="NumNodesOfType_Active_GLOBAL" rev="14">
<attrib name="value" value="161"/></item>
<item name="NumNodesOfType_Active_INPUT" rev="14">
<attrib name="value" value="171"/></item>
<item name="NumNodesOfType_Active_IOBIN2OUT" rev="14">
<attrib name="value" value="32"/></item>
<item name="NumNodesOfType_Active_IOBINPUT" rev="14">
<attrib name="value" value="40"/></item>
<item name="NumNodesOfType_Active_IOBOUTPUT" rev="14">
<attrib name="value" value="68"/></item>
<item name="NumNodesOfType_Active_LUTINPUT" rev="14">
<attrib name="value" value="3066"/></item>
<item name="NumNodesOfType_Active_OUTBOUND" rev="14">
<attrib name="value" value="1244"/></item>
<item name="NumNodesOfType_Active_OUTPUT" rev="14">
<attrib name="value" value="1162"/></item>
<item name="NumNodesOfType_Active_PADINPUT" rev="14">
<attrib name="value" value="20"/></item>
<item name="NumNodesOfType_Active_PADOUTPUT" rev="14">
<attrib name="value" value="16"/></item>
<item name="NumNodesOfType_Active_PINBOUNCE" rev="14">
<attrib name="value" value="736"/></item>
<item name="NumNodesOfType_Active_PINFEED" rev="14">
<attrib name="value" value="3581"/></item>
<item name="NumNodesOfType_Active_PINFEED2" rev="14">
<attrib name="value" value="20"/></item>
<item name="NumNodesOfType_Active_QUAD" rev="14">
<attrib name="value" value="791"/></item>
<item name="NumNodesOfType_Active_REGINPUT" rev="14">
<attrib name="value" value="247"/></item>
<item name="NumNodesOfType_Active_SINGLE" rev="14">
<attrib name="value" value="1957"/></item>
<item name="NumNodesOfType_Vcc_CNTRLPIN" rev="14">
<attrib name="value" value="37"/></item>
<item name="NumNodesOfType_Vcc_HVCCOUT" rev="14">
<attrib name="value" value="137"/></item>
<item name="NumNodesOfType_Vcc_INPUT" rev="14">
<attrib name="value" value="104"/></item>
<item name="NumNodesOfType_Vcc_KVCCOUT" rev="14">
<attrib name="value" value="37"/></item>
<item name="NumNodesOfType_Vcc_LUTINPUT" rev="14">
<attrib name="value" value="270"/></item>
<item name="NumNodesOfType_Vcc_PINBOUNCE" rev="14">
<attrib name="value" value="31"/></item>
<item name="NumNodesOfType_Vcc_PINFEED" rev="14">
<attrib name="value" value="380"/></item>
</group>
<group name="SiteStatistics">
<item name="BUFG-BUFGMUX" rev="14">
<attrib name="value" value="4"/></item>
<item name="IOB-IOBM" rev="14">
<attrib name="value" value="9"/></item>
<item name="IOB-IOBS" rev="14">
<attrib name="value" value="11"/></item>
<item name="ISERDES2-ILOGIC2" rev="14">
<attrib name="value" value="6"/></item>
<item name="OSERDES2-OLOGIC2" rev="14">
<attrib name="value" value="8"/></item>
<item name="SLICEL-SLICEM" rev="14">
<attrib name="value" value="34"/></item>
<item name="SLICEX-SLICEL" rev="14">
<attrib name="value" value="43"/></item>
<item name="SLICEX-SLICEM" rev="14">
<attrib name="value" value="51"/></item>
</group>
<group name="MiscellaneousStatistics">
<item name="AGG_BONDED_IO" rev="13">
<attrib name="value" value="28"/></item>
<item name="AGG_IO" rev="13">
<attrib name="value" value="28"/></item>
<item name="AGG_LOCED_IO" rev="13">
<attrib name="value" value="28"/></item>
<item name="AGG_SLICE" rev="13">
<attrib name="value" value="289"/></item>
<item name="NUM_BONDED_IOB" rev="13">
<attrib name="value" value="20"/></item>
<item name="NUM_BONDED_IOBM" rev="13">
<attrib name="value" value="4"/></item>
<item name="NUM_BONDED_IOBS" rev="13">
<attrib name="value" value="4"/></item>
<item name="NUM_BSFULL" rev="13">
<attrib name="value" value="467"/></item>
<item name="NUM_BSLUTONLY" rev="13">
<attrib name="value" value="304"/></item>
<item name="NUM_BSREGONLY" rev="13">
<attrib name="value" value="72"/></item>
<item name="NUM_BSUSED" rev="13">
<attrib name="value" value="843"/></item>
<item name="NUM_BUFG" rev="13">
<attrib name="value" value="4"/></item>
<item name="NUM_BUFGMUX" rev="13">
<attrib name="value" value="1"/></item>
<item name="NUM_BUFIO2" rev="13">
<attrib name="value" value="1"/></item>
<item name="NUM_BUFPLL" rev="13">
<attrib name="value" value="2"/></item>
<item name="NUM_DPRAM_O5ANDO6" rev="13">
<attrib name="value" value="56"/></item>
<item name="NUM_DPRAM_O6ONLY" rev="13">
<attrib name="value" value="8"/></item>
<item name="NUM_DSP48A1" rev="13">
<attrib name="value" value="9"/></item>
<item name="NUM_IODELAY2" rev="13">
<attrib name="value" value="6"/></item>
<item name="NUM_ISERDES2" rev="13">
<attrib name="value" value="6"/></item>
<item name="NUM_LOCED_IOB" rev="13">
<attrib name="value" value="20"/></item>
<item name="NUM_LOCED_IOBM" rev="13">
<attrib name="value" value="4"/></item>
<item name="NUM_LOCED_IOBS" rev="13">
<attrib name="value" value="4"/></item>
<item name="NUM_LOGIC_O5ANDO6" rev="13">
<attrib name="value" value="103"/></item>
<item name="NUM_LOGIC_O5ONLY" rev="13">
<attrib name="value" value="54"/></item>
<item name="NUM_LOGIC_O6ONLY" rev="13">
<attrib name="value" value="493"/></item>
<item name="NUM_LUT_RT_DRIVES_CARRY4" rev="13">
<attrib name="value" value="25"/></item>
<item name="NUM_LUT_RT_DRIVES_FLOP" rev="13">
<attrib name="value" value="9"/></item>
<item name="NUM_LUT_RT_EXO5" rev="13">
<attrib name="value" value="9"/></item>
<item name="NUM_LUT_RT_EXO6" rev="13">
<attrib name="value" value="25"/></item>
<item name="NUM_LUT_RT_O5" rev="13">
<attrib name="value" value="8"/></item>
<item name="NUM_LUT_RT_O6" rev="13">
<attrib name="value" value="54"/></item>
<item name="NUM_OSERDES2" rev="13">
<attrib name="value" value="8"/></item>
<item name="NUM_PLL_ADV" rev="13">
<attrib name="value" value="2"/></item>
<item name="NUM_SLICEL" rev="13">
<attrib name="value" value="56"/></item>
<item name="NUM_SLICEM" rev="13">
<attrib name="value" value="22"/></item>
<item name="NUM_SLICEX" rev="13">
<attrib name="value" value="211"/></item>
<item name="NUM_SLICE_CARRY4" rev="13">
<attrib name="value" value="36"/></item>
<item name="NUM_SLICE_CONTROLSET" rev="13">
<attrib name="value" value="33"/></item>
<item name="NUM_SLICE_CYINIT" rev="13">
<attrib name="value" value="1031"/></item>
<item name="NUM_SLICE_F7MUX" rev="13">
<attrib name="value" value="20"/></item>
<item name="NUM_SLICE_FF" rev="13">
<attrib name="value" value="632"/></item>
<item name="NUM_SLICE_UNUSEDCTRL" rev="13">
<attrib name="value" value="45"/></item>
<item name="NUM_SRL_O5ANDO6" rev="13">
<attrib name="value" value="20"/></item>
<item name="NUM_SRL_O6ONLY" rev="13">
<attrib name="value" value="3"/></item>
<item name="NUM_UNUSABLE_FF_BELS" rev="13">
<attrib name="value" value="117"/></item>
<item name="Xilinx Core c_addsub_v11_0, Xilinx CORE Generator 14.7" rev="13">
<attrib name="value" value="8"/></item>
<item name="Xilinx Core mult_gen_v11_2, Xilinx CORE Generator 14.7" rev="13">
<attrib name="value" value="9"/></item>
</group>
</DesignStatistics>
<DeviceUsage TimeStamp="Mon May 05 19:42:34 2014"><group name="SiteSummary">
<item name="BUFG" rev="14">
<attrib name="total" value="1000000"/><attrib name="used" value="4"/></item>
<item name="BUFGMUX" rev="14">
<attrib name="total" value="1000000"/><attrib name="used" value="1"/></item>
<item name="BUFGMUX_BUFGMUX" rev="14">
<attrib name="total" value="1000000"/><attrib name="used" value="1"/></item>
<item name="BUFG_BUFG" rev="14">
<attrib name="total" value="1000000"/><attrib name="used" value="4"/></item>
<item name="BUFIO2" rev="14">
<attrib name="total" value="1000000"/><attrib name="used" value="1"/></item>
<item name="BUFIO2_BUFIO2" rev="14">
<attrib name="total" value="1000000"/><attrib name="used" value="1"/></item>
<item name="BUFPLL" rev="14">
<attrib name="total" value="1000000"/><attrib name="used" value="2"/></item>
<item name="BUFPLL_BUFPLL" rev="14">
<attrib name="total" value="1000000"/><attrib name="used" value="2"/></item>
<item name="CARRY4" rev="14">
<attrib name="total" value="1000000"/><attrib name="used" value="36"/></item>
<item name="DSP48A1" rev="14">
<attrib name="total" value="1000000"/><attrib name="used" value="9"/></item>
<item name="DSP48A1_DSP48A1" rev="14">
<attrib name="total" value="1000000"/><attrib name="used" value="9"/></item>
<item name="FF_SR" rev="14">
<attrib name="total" value="1000000"/><attrib name="used" value="101"/></item>
<item name="HARD0" rev="14">
<attrib name="total" value="1000000"/><attrib name="used" value="19"/></item>
<item name="IOB" rev="14">
<attrib name="total" value="1000000"/><attrib name="used" value="20"/></item>
<item name="IOBM" rev="14">
<attrib name="total" value="1000000"/><attrib name="used" value="4"/></item>
<item name="IOBM_OUTBUF" rev="14">
<attrib name="total" value="1000000"/><attrib name="used" value="4"/></item>
<item name="IOBS" rev="14">
<attrib name="total" value="1000000"/><attrib name="used" value="4"/></item>
<item name="IOB_IMUX" rev="14">
<attrib name="total" value="1000000"/><attrib name="used" value="8"/></item>
<item name="IOB_INBUF" rev="14">
<attrib name="total" value="1000000"/><attrib name="used" value="8"/></item>
<item name="IOB_OUTBUF" rev="14">
<attrib name="total" value="1000000"/><attrib name="used" value="8"/></item>
<item name="IODELAY2" rev="14">
<attrib name="total" value="1000000"/><attrib name="used" value="6"/></item>
<item name="IODELAY2_IODELAY2" rev="14">
<attrib name="total" value="1000000"/><attrib name="used" value="6"/></item>
<item name="ISERDES2" rev="14">
<attrib name="total" value="1000000"/><attrib name="used" value="6"/></item>
<item name="ISERDES2_ISERDES2" rev="14">
<attrib name="total" value="1000000"/><attrib name="used" value="6"/></item>
<item name="LUT5" rev="14">
<attrib name="total" value="1000000"/><attrib name="used" value="174"/></item>
<item name="LUT6" rev="14">
<attrib name="total" value="1000000"/><attrib name="used" value="675"/></item>
<item name="LUT_OR_MEM5" rev="14">
<attrib name="total" value="1000000"/><attrib name="used" value="76"/></item>
<item name="LUT_OR_MEM6" rev="14">
<attrib name="total" value="1000000"/><attrib name="used" value="87"/></item>
<item name="NULLMUX" rev="14">
<attrib name="total" value="1000000"/><attrib name="used" value="8"/></item>
<item name="OSERDES2" rev="14">
<attrib name="total" value="1000000"/><attrib name="used" value="8"/></item>
<item name="OSERDES2_OSERDES2" rev="14">
<attrib name="total" value="1000000"/><attrib name="used" value="8"/></item>
<item name="PAD" rev="14">
<attrib name="total" value="1000000"/><attrib name="used" value="28"/></item>
<item name="PLL_ADV" rev="14">
<attrib name="total" value="1000000"/><attrib name="used" value="2"/></item>
<item name="PLL_ADV_PLL_ADV" rev="14">
<attrib name="total" value="1000000"/><attrib name="used" value="2"/></item>
<item name="REG_SR" rev="14">
<attrib name="total" value="1000000"/><attrib name="used" value="531"/></item>
<item name="SELMUX2_1" rev="14">
<attrib name="total" value="1000000"/><attrib name="used" value="20"/></item>
<item name="SLICEL" rev="14">
<attrib name="total" value="1000000"/><attrib name="used" value="56"/></item>
<item name="SLICEM" rev="14">
<attrib name="total" value="1000000"/><attrib name="used" value="22"/></item>
<item name="SLICEX" rev="14">
<attrib name="total" value="1000000"/><attrib name="used" value="211"/></item>
</group>
</DeviceUsage>
<ReportConfigData TimeStamp="Mon May 05 19:42:34 2014"><group name="DSP48A1">
<item name="CEA" rev="14">
<attrib name="CEA_INV" value="0"/><attrib name="CEA" value="9"/></item>
<item name="CEB" rev="14">
<attrib name="CEB_INV" value="0"/><attrib name="CEB" value="9"/></item>
<item name="CEC" rev="14">
<attrib name="CEC" value="9"/><attrib name="CEC_INV" value="0"/></item>
<item name="CECARRYIN" rev="14">
<attrib name="CECARRYIN_INV" value="0"/><attrib name="CECARRYIN" value="9"/></item>
<item name="CED" rev="14">
<attrib name="CED_INV" value="0"/><attrib name="CED" value="9"/></item>
<item name="CEM" rev="14">
<attrib name="CEM_INV" value="0"/><attrib name="CEM" value="9"/></item>
<item name="CEOPMODE" rev="14">
<attrib name="CEOPMODE_INV" value="0"/><attrib name="CEOPMODE" value="9"/></item>
<item name="CEP" rev="14">
<attrib name="CEP" value="9"/><attrib name="CEP_INV" value="0"/></item>
<item name="CLK" rev="14">
<attrib name="CLK" value="9"/><attrib name="CLK_INV" value="0"/></item>
<item name="RSTA" rev="14">
<attrib name="RSTA" value="9"/><attrib name="RSTA_INV" value="0"/></item>
<item name="RSTB" rev="14">
<attrib name="RSTB" value="9"/><attrib name="RSTB_INV" value="0"/></item>
<item name="RSTC" rev="14">
<attrib name="RSTC_INV" value="0"/><attrib name="RSTC" value="9"/></item>
<item name="RSTCARRYIN" rev="14">
<attrib name="RSTCARRYIN_INV" value="0"/><attrib name="RSTCARRYIN" value="9"/></item>
<item name="RSTD" rev="14">
<attrib name="RSTD_INV" value="0"/><attrib name="RSTD" value="9"/></item>
<item name="RSTM" rev="14">
<attrib name="RSTM" value="9"/><attrib name="RSTM_INV" value="0"/></item>
<item name="RSTOPMODE" rev="14">
<attrib name="RSTOPMODE_INV" value="0"/><attrib name="RSTOPMODE" value="9"/></item>
<item name="RSTP" rev="14">
<attrib name="RSTP_INV" value="0"/><attrib name="RSTP" value="9"/></item>
</group>
<group name="REG_SR">
<item name="CK" rev="14">
<attrib name="CK" value="531"/><attrib name="CK_INV" value="0"/></item>
<item name="LATCH_OR_FF" rev="14">
<attrib name="FF" value="531"/></item>
<item name="SRINIT" rev="14">
<attrib name="SRINIT0" value="521"/><attrib name="SRINIT1" value="10"/></item>
<item name="SYNC_ATTR" rev="14">
<attrib name="ASYNC" value="440"/><attrib name="SYNC" value="91"/></item>
</group>
<group name="BUFPLL_BUFPLL">
<item name="DATA_RATE" rev="14">
<attrib name="SDR" value="2"/></item>
<item name="DIVIDE" rev="14">
<attrib name="5" value="2"/></item>
<item name="ENABLE_SYNC" rev="14">
<attrib name="TRUE" value="2"/></item>
</group>
<group name="LUT_OR_MEM5">
<item name="CLK" rev="14">
<attrib name="CLK" value="76"/><attrib name="CLK_INV" value="0"/></item>
<item name="LUT_OR_MEM" rev="14">
<attrib name="RAM" value="76"/></item>
<item name="RAMMODE" rev="14">
<attrib name="SRL16" value="20"/><attrib name="DPRAM32" value="56"/></item>
</group>
<group name="LUT_OR_MEM6">
<item name="CLK" rev="14">
<attrib name="CLK" value="87"/><attrib name="CLK_INV" value="0"/></item>
<item name="LUT_OR_MEM" rev="14">
<attrib name="RAM" value="87"/></item>
<item name="RAMMODE" rev="14">
<attrib name="SRL16" value="23"/><attrib name="DPRAM32" value="56"/><attrib name="DPRAM64" value="8"/></item>
</group>
<group name="IOBM_OUTBUF">
<item name="SUSPEND" rev="14">
<attrib name="3STATE" value="4"/></item>
</group>
<group name="DSP48A1_DSP48A1">
<item name="A0REG" rev="14">
<attrib name="0" value="9"/></item>
<item name="A1REG" rev="14">
<attrib name="1" value="9"/></item>
<item name="B0REG" rev="14">
<attrib name="1" value="9"/></item>
<item name="B1REG" rev="14">
<attrib name="0" value="9"/></item>
<item name="B_INPUT" rev="14">
<attrib name="DIRECT" value="9"/></item>
<item name="CARRYINREG" rev="14">
<attrib name="0" value="9"/></item>
<item name="CARRYINSEL" rev="14">
<attrib name="OPMODE5" value="9"/></item>
<item name="CARRYOUTREG" rev="14">
<attrib name="0" value="9"/></item>
<item name="CEA" rev="14">
<attrib name="CEA_INV" value="0"/><attrib name="CEA" value="9"/></item>
<item name="CEB" rev="14">
<attrib name="CEB_INV" value="0"/><attrib name="CEB" value="9"/></item>
<item name="CEC" rev="14">
<attrib name="CEC" value="9"/><attrib name="CEC_INV" value="0"/></item>
<item name="CECARRYIN" rev="14">
<attrib name="CECARRYIN_INV" value="0"/><attrib name="CECARRYIN" value="9"/></item>
<item name="CED" rev="14">
<attrib name="CED_INV" value="0"/><attrib name="CED" value="9"/></item>
<item name="CEM" rev="14">
<attrib name="CEM_INV" value="0"/><attrib name="CEM" value="9"/></item>
<item name="CEOPMODE" rev="14">
<attrib name="CEOPMODE_INV" value="0"/><attrib name="CEOPMODE" value="9"/></item>
<item name="CEP" rev="14">
<attrib name="CEP" value="9"/><attrib name="CEP_INV" value="0"/></item>
<item name="CLK" rev="14">
<attrib name="CLK" value="9"/><attrib name="CLK_INV" value="0"/></item>
<item name="CREG" rev="14">
<attrib name="0" value="9"/></item>
<item name="DREG" rev="14">
<attrib name="0" value="9"/></item>
<item name="MREG" rev="14">
<attrib name="1" value="9"/></item>
<item name="OPMODEREG" rev="14">
<attrib name="0" value="9"/></item>
<item name="PREG" rev="14">
<attrib name="0" value="9"/></item>
<item name="RSTA" rev="14">
<attrib name="RSTA" value="9"/><attrib name="RSTA_INV" value="0"/></item>
<item name="RSTB" rev="14">
<attrib name="RSTB" value="9"/><attrib name="RSTB_INV" value="0"/></item>
<item name="RSTC" rev="14">
<attrib name="RSTC_INV" value="0"/><attrib name="RSTC" value="9"/></item>
<item name="RSTCARRYIN" rev="14">
<attrib name="RSTCARRYIN_INV" value="0"/><attrib name="RSTCARRYIN" value="9"/></item>
<item name="RSTD" rev="14">
<attrib name="RSTD_INV" value="0"/><attrib name="RSTD" value="9"/></item>
<item name="RSTM" rev="14">
<attrib name="RSTM" value="9"/><attrib name="RSTM_INV" value="0"/></item>
<item name="RSTOPMODE" rev="14">
<attrib name="RSTOPMODE_INV" value="0"/><attrib name="RSTOPMODE" value="9"/></item>
<item name="RSTP" rev="14">
<attrib name="RSTP_INV" value="0"/><attrib name="RSTP" value="9"/></item>
<item name="RSTTYPE" rev="14">
<attrib name="SYNC" value="9"/></item>
</group>
<group name="BUFGMUX_BUFGMUX">
<item name="CLK_SEL_TYPE" rev="14">
<attrib name="SYNC" value="1"/></item>
<item name="DISABLE_ATTR" rev="14">
<attrib name="LOW" value="1"/></item>
<item name="S" rev="14">
<attrib name="S_INV" value="0"/><attrib name="S" value="1"/></item>
</group>
<group name="SLICEL">
<item name="CLK" rev="14">
<attrib name="CLK" value="43"/><attrib name="CLK_INV" value="0"/></item>
</group>
<group name="PLL_ADV_PLL_ADV">
<item name="BANDWIDTH" rev="14">
<attrib name="OPTIMIZED" value="2"/></item>
<item name="CLK_FEEDBACK" rev="14">
<attrib name="CLKFBOUT" value="2"/></item>
<item name="COMPENSATION" rev="14">
<attrib name="INTERNAL" value="1"/><attrib name="SOURCE_SYNCHRONOUS" value="1"/></item>
<item name="PLL_ADD_LEAKAGE" rev="14">
<attrib name="2" value="2"/></item>
<item name="PLL_AVDD_COMP_SET" rev="14">
<attrib name="2" value="2"/></item>
<item name="PLL_CLAMP_BYPASS" rev="14">
<attrib name="FALSE" value="2"/></item>
<item name="PLL_CLAMP_REF_SEL" rev="14">
<attrib name="1" value="2"/></item>
<item name="PLL_CLK0MX" rev="14">
<attrib name="0" value="2"/></item>
<item name="PLL_CLK1MX" rev="14">
<attrib name="0" value="2"/></item>
<item name="PLL_CLK2MX" rev="14">
<attrib name="0" value="2"/></item>
<item name="PLL_CLK3MX" rev="14">
<attrib name="0" value="2"/></item>
<item name="PLL_CLK4MX" rev="14">
<attrib name="0" value="2"/></item>
<item name="PLL_CLK5MX" rev="14">
<attrib name="0" value="2"/></item>
<item name="PLL_CLKBURST_CNT" rev="14">
<attrib name="0" value="2"/></item>
<item name="PLL_CLKBURST_ENABLE" rev="14">
<attrib name="TRUE" value="2"/></item>
<item name="PLL_CLKCNTRL" rev="14">
<attrib name="0" value="2"/></item>
<item name="PLL_CLKFBMX" rev="14">
<attrib name="0" value="2"/></item>
<item name="PLL_CLKFBOUT2_EDGE" rev="14">
<attrib name="TRUE" value="2"/></item>
<item name="PLL_CLKFBOUT2_NOCOUNT" rev="14">
<attrib name="TRUE" value="2"/></item>
<item name="PLL_CLKFBOUT_EDGE" rev="14">
<attrib name="TRUE" value="2"/></item>
<item name="PLL_CLKFBOUT_EN" rev="14">
<attrib name="FALSE" value="2"/></item>
<item name="PLL_CLKFBOUT_NOCOUNT" rev="14">
<attrib name="TRUE" value="2"/></item>
<item name="PLL_CLKOUT0_EDGE" rev="14">
<attrib name="TRUE" value="2"/></item>
<item name="PLL_CLKOUT0_EN" rev="14">
<attrib name="FALSE" value="2"/></item>
<item name="PLL_CLKOUT0_NOCOUNT" rev="14">
<attrib name="TRUE" value="2"/></item>
<item name="PLL_CLKOUT1_EDGE" rev="14">
<attrib name="TRUE" value="2"/></item>
<item name="PLL_CLKOUT1_EN" rev="14">
<attrib name="FALSE" value="2"/></item>
<item name="PLL_CLKOUT1_NOCOUNT" rev="14">
<attrib name="TRUE" value="2"/></item>
<item name="PLL_CLKOUT2_EDGE" rev="14">
<attrib name="TRUE" value="2"/></item>
<item name="PLL_CLKOUT2_EN" rev="14">
<attrib name="FALSE" value="2"/></item>
<item name="PLL_CLKOUT2_NOCOUNT" rev="14">
<attrib name="TRUE" value="2"/></item>
<item name="PLL_CLKOUT3_EDGE" rev="14">
<attrib name="TRUE" value="2"/></item>
<item name="PLL_CLKOUT3_EN" rev="14">
<attrib name="FALSE" value="2"/></item>
<item name="PLL_CLKOUT3_NOCOUNT" rev="14">
<attrib name="TRUE" value="2"/></item>
<item name="PLL_CLKOUT4_EDGE" rev="14">
<attrib name="TRUE" value="2"/></item>
<item name="PLL_CLKOUT4_EN" rev="14">
<attrib name="FALSE" value="2"/></item>
<item name="PLL_CLKOUT4_NOCOUNT" rev="14">
<attrib name="TRUE" value="2"/></item>
<item name="PLL_CLKOUT5_EDGE" rev="14">
<attrib name="TRUE" value="2"/></item>
<item name="PLL_CLKOUT5_EN" rev="14">
<attrib name="FALSE" value="2"/></item>
<item name="PLL_CLKOUT5_NOCOUNT" rev="14">
<attrib name="TRUE" value="2"/></item>
<item name="PLL_CLK_LOST_DETECT" rev="14">
<attrib name="FALSE" value="2"/></item>
<item name="PLL_CP" rev="14">
<attrib name="1" value="2"/></item>
<item name="PLL_CP_BIAS_TRIP_SHIFT" rev="14">
<attrib name="TRUE" value="2"/></item>
<item name="PLL_CP_REPL" rev="14">
<attrib name="1" value="2"/></item>
<item name="PLL_CP_RES" rev="14">
<attrib name="0" value="2"/></item>
<item name="PLL_DIRECT_PATH_CNTRL" rev="14">
<attrib name="TRUE" value="2"/></item>
<item name="PLL_DIVCLK_EDGE" rev="14">
<attrib name="TRUE" value="2"/></item>
<item name="PLL_DIVCLK_NOCOUNT" rev="14">
<attrib name="TRUE" value="2"/></item>
<item name="PLL_DVDD_COMP_SET" rev="14">
<attrib name="2" value="2"/></item>
<item name="PLL_EN" rev="14">
<attrib name="FALSE" value="2"/></item>
<item name="PLL_EN_DLY" rev="14">
<attrib name="TRUE" value="2"/></item>
<item name="PLL_EN_LEAKAGE" rev="14">
<attrib name="2" value="2"/></item>
<item name="PLL_EN_TCLK0" rev="14">
<attrib name="TRUE" value="2"/></item>
<item name="PLL_EN_TCLK1" rev="14">
<attrib name="TRUE" value="2"/></item>
<item name="PLL_EN_TCLK2" rev="14">
<attrib name="TRUE" value="2"/></item>
<item name="PLL_EN_TCLK3" rev="14">
<attrib name="TRUE" value="2"/></item>
<item name="PLL_EN_VCO0" rev="14">
<attrib name="FALSE" value="2"/></item>
<item name="PLL_EN_VCO1" rev="14">
<attrib name="FALSE" value="2"/></item>
<item name="PLL_EN_VCO2" rev="14">
<attrib name="FALSE" value="2"/></item>
<item name="PLL_EN_VCO3" rev="14">
<attrib name="FALSE" value="2"/></item>
<item name="PLL_EN_VCO4" rev="14">
<attrib name="FALSE" value="2"/></item>
<item name="PLL_EN_VCO5" rev="14">
<attrib name="FALSE" value="2"/></item>
<item name="PLL_EN_VCO6" rev="14">
<attrib name="FALSE" value="2"/></item>
<item name="PLL_EN_VCO7" rev="14">
<attrib name="FALSE" value="2"/></item>
<item name="PLL_EN_VCO_DIV1" rev="14">
<attrib name="FALSE" value="2"/></item>
<item name="PLL_EN_VCO_DIV6" rev="14">
<attrib name="TRUE" value="2"/></item>
<item name="PLL_INTFB" rev="14">
<attrib name="0" value="2"/></item>
<item name="PLL_IO_CLKSRC" rev="14">
<attrib name="0" value="2"/></item>
<item name="PLL_LFHF" rev="14">
<attrib name="3" value="2"/></item>
<item name="PLL_LOCK_FB_DLY" rev="14">
<attrib name="3" value="2"/></item>
<item name="PLL_LOCK_REF_DLY" rev="14">
<attrib name="5" value="2"/></item>
<item name="PLL_MAN_LF_EN" rev="14">
<attrib name="TRUE" value="2"/></item>
<item name="PLL_NBTI_EN" rev="14">
<attrib name="TRUE" value="2"/></item>
<item name="PLL_PFD_CNTRL" rev="14">
<attrib name="8" value="2"/></item>
<item name="PLL_PFD_DLY" rev="14">
<attrib name="1" value="2"/></item>
<item name="PLL_PWRD_CFG" rev="14">
<attrib name="FALSE" value="2"/></item>
<item name="PLL_REG_INPUT" rev="14">
<attrib name="TRUE" value="2"/></item>
<item name="PLL_RES" rev="14">
<attrib name="1" value="2"/></item>
<item name="PLL_SEL_SLIPD" rev="14">
<attrib name="FALSE" value="2"/></item>
<item name="PLL_SKEW_CNTRL" rev="14">
<attrib name="0" value="2"/></item>
<item name="PLL_TEST_IN_WINDOW" rev="14">
<attrib name="FALSE" value="2"/></item>
<item name="PLL_VDD_SEL" rev="14">
<attrib name="0" value="2"/></item>
<item name="PLL_VLFHIGH_DIS" rev="14">
<attrib name="TRUE" value="2"/></item>
<item name="RST" rev="14">
<attrib name="RST" value="1"/><attrib name="RST_INV" value="1"/></item>
</group>
<group name="SLICEM">
<item name="CLK" rev="14">
<attrib name="CLK" value="22"/><attrib name="CLK_INV" value="0"/></item>
</group>
<group name="IOB_OUTBUF">
<item name="DRIVEATTRBOX" rev="14">
<attrib name="12" value="8"/></item>
<item name="SLEW" rev="14">
<attrib name="SLOW" value="8"/></item>
<item name="SUSPEND" rev="14">
<attrib name="3STATE" value="8"/></item>
</group>
<group name="SLICEX">
<item name="CLK" rev="14">
<attrib name="CLK" value="179"/><attrib name="CLK_INV" value="0"/></item>
</group>
<group name="IODELAY2">
<item name="IOCLK0" rev="14">
<attrib name="IOCLK0_INV" value="0"/><attrib name="IOCLK0" value="6"/></item>
</group>
<group name="OSERDES2">
<item name="CLK0" rev="14">
<attrib name="CLK0_INV" value="0"/><attrib name="CLK0" value="8"/></item>
</group>
<group name="ISERDES2_ISERDES2">
<item name="BITSLIP_ENABLE" rev="14">
<attrib name="TRUE" value="6"/></item>
<item name="CLK0" rev="14">
<attrib name="CLK0_INV" value="0"/><attrib name="CLK0" value="6"/></item>
<item name="DATA_RATE" rev="14">
<attrib name="SDR" value="6"/></item>
<item name="DATA_WIDTH" rev="14">
<attrib name="5" value="6"/></item>
<item name="INTERFACE_TYPE" rev="14">
<attrib name="RETIMED" value="6"/></item>
<item name="SERDES_MODE" rev="14">
<attrib name="SLAVE" value="3"/><attrib name="MASTER" value="3"/></item>
<item name="SHIFT_REGISTER_MODE" rev="14">
<attrib name="FALSE" value="6"/></item>
</group>
<group name="PLL_ADV">
<item name="RST" rev="14">
<attrib name="RST" value="1"/><attrib name="RST_INV" value="1"/></item>
</group>
<group name="ISERDES2">
<item name="CLK0" rev="14">
<attrib name="CLK0_INV" value="0"/><attrib name="CLK0" value="6"/></item>
</group>
<group name="BUFIO2_BUFIO2">
<item name="DIVIDE" rev="14">
<attrib name="1" value="1"/></item>
<item name="DIVIDE_BYPASS" rev="14">
<attrib name="TRUE" value="1"/></item>
<item name="I_INVERT" rev="14">
<attrib name="FALSE" value="1"/></item>
</group>
<group name="OSERDES2_OSERDES2">
<item name="BYPASS_GCLK_FF" rev="14">
<attrib name="FALSE" value="8"/></item>
<item name="CLK0" rev="14">
<attrib name="CLK0_INV" value="0"/><attrib name="CLK0" value="8"/></item>
<item name="DATA_RATE_OQ" rev="14">
<attrib name="SDR" value="8"/></item>
<item name="DATA_RATE_OT" rev="14">
<attrib name="SDR" value="8"/></item>
<item name="DATA_WIDTH" rev="14">
<attrib name="5" value="8"/></item>
<item name="OUTPUT_MODE" rev="14">
<attrib name="DIFFERENTIAL" value="8"/></item>
<item name="SERDES_MODE" rev="14">
<attrib name="SLAVE" value="4"/><attrib name="MASTER" value="4"/></item>
<item name="TRAIN_PATTERN" rev="14">
<attrib name="0" value="8"/></item>
</group>
<group name="BUFGMUX">
<item name="S" rev="14">
<attrib name="S_INV" value="0"/><attrib name="S" value="1"/></item>
</group>
<group name="IODELAY2_IODELAY2">
<item name="COUNTER_WRAPAROUND" rev="14">
<attrib name="WRAPAROUND" value="3"/><attrib name="STAY_AT_LIMIT" value="3"/></item>
<item name="DATA_RATE" rev="14">
<attrib name="SDR" value="6"/></item>
<item name="DELAYCHAIN_OSC" rev="14">
<attrib name="FALSE" value="6"/></item>
<item name="DELAY_SRC" rev="14">
<attrib name="IDATAIN" value="6"/></item>
<item name="IDELAY_MODE" rev="14">
<attrib name="NORMAL" value="6"/></item>
<item name="IDELAY_TYPE" rev="14">
<attrib name="DIFF_PHASE_DETECTOR" value="6"/></item>
<item name="IOCLK0" rev="14">
<attrib name="IOCLK0_INV" value="0"/><attrib name="IOCLK0" value="6"/></item>
<item name="IODELAY_CHANGE" rev="14">
<attrib name="CHANGE_ON_DATA" value="6"/></item>
<item name="SERDES_MODE" rev="14">
<attrib name="SLAVE" value="3"/><attrib name="MASTER" value="3"/></item>
<item name="TEST_GLITCH_FILTER" rev="14">
<attrib name="FALSE" value="6"/></item>
</group>
<group name="FF_SR">
<item name="CK" rev="14">
<attrib name="CK" value="101"/><attrib name="CK_INV" value="0"/></item>
<item name="SRINIT" rev="14">
<attrib name="SRINIT0" value="98"/><attrib name="SRINIT1" value="3"/></item>
<item name="SYNC_ATTR" rev="14">
<attrib name="ASYNC" value="80"/><attrib name="SYNC" value="21"/></item>
</group>
</ReportConfigData>
<ReportPinData TimeStamp="Mon May 05 19:42:34 2014"><group name="BUFIO2">
<item name="DIVCLK" rev="14">
<attrib name="value" value="1"/></item>
<item name="I" rev="14">
<attrib name="value" value="1"/></item>
</group>
<group name="DSP48A1">
<item name="A0" rev="14">
<attrib name="value" value="9"/></item>
<item name="A1" rev="14">
<attrib name="value" value="9"/></item>
<item name="A10" rev="14">
<attrib name="value" value="9"/></item>
<item name="A11" rev="14">
<attrib name="value" value="9"/></item>
<item name="A12" rev="14">
<attrib name="value" value="9"/></item>
<item name="A13" rev="14">
<attrib name="value" value="9"/></item>
<item name="A14" rev="14">
<attrib name="value" value="9"/></item>
<item name="A15" rev="14">
<attrib name="value" value="9"/></item>
<item name="A16" rev="14">
<attrib name="value" value="9"/></item>
<item name="A17" rev="14">
<attrib name="value" value="9"/></item>
<item name="A2" rev="14">
<attrib name="value" value="9"/></item>
<item name="A3" rev="14">
<attrib name="value" value="9"/></item>
<item name="A4" rev="14">
<attrib name="value" value="9"/></item>
<item name="A5" rev="14">
<attrib name="value" value="9"/></item>
<item name="A6" rev="14">
<attrib name="value" value="9"/></item>
<item name="A7" rev="14">
<attrib name="value" value="9"/></item>
<item name="A8" rev="14">
<attrib name="value" value="9"/></item>
<item name="A9" rev="14">
<attrib name="value" value="9"/></item>
<item name="B0" rev="14">
<attrib name="value" value="9"/></item>
<item name="B1" rev="14">
<attrib name="value" value="9"/></item>
<item name="B10" rev="14">
<attrib name="value" value="9"/></item>
<item name="B11" rev="14">
<attrib name="value" value="9"/></item>
<item name="B12" rev="14">
<attrib name="value" value="9"/></item>
<item name="B13" rev="14">
<attrib name="value" value="9"/></item>
<item name="B14" rev="14">
<attrib name="value" value="9"/></item>
<item name="B15" rev="14">
<attrib name="value" value="9"/></item>
<item name="B16" rev="14">
<attrib name="value" value="9"/></item>
<item name="B17" rev="14">
<attrib name="value" value="9"/></item>
<item name="B2" rev="14">
<attrib name="value" value="9"/></item>
<item name="B3" rev="14">
<attrib name="value" value="9"/></item>
<item name="B4" rev="14">
<attrib name="value" value="9"/></item>
<item name="B5" rev="14">
<attrib name="value" value="9"/></item>
<item name="B6" rev="14">
<attrib name="value" value="9"/></item>
<item name="B7" rev="14">
<attrib name="value" value="9"/></item>
<item name="B8" rev="14">
<attrib name="value" value="9"/></item>
<item name="B9" rev="14">
<attrib name="value" value="9"/></item>
<item name="C0" rev="14">
<attrib name="value" value="9"/></item>
<item name="C1" rev="14">
<attrib name="value" value="9"/></item>
<item name="C10" rev="14">
<attrib name="value" value="9"/></item>
<item name="C11" rev="14">
<attrib name="value" value="9"/></item>
<item name="C12" rev="14">
<attrib name="value" value="9"/></item>
<item name="C13" rev="14">
<attrib name="value" value="9"/></item>
<item name="C14" rev="14">
<attrib name="value" value="9"/></item>
<item name="C15" rev="14">
<attrib name="value" value="9"/></item>
<item name="C16" rev="14">
<attrib name="value" value="9"/></item>
<item name="C17" rev="14">
<attrib name="value" value="9"/></item>
<item name="C18" rev="14">
<attrib name="value" value="9"/></item>
<item name="C19" rev="14">
<attrib name="value" value="9"/></item>
<item name="C2" rev="14">
<attrib name="value" value="9"/></item>
<item name="C20" rev="14">
<attrib name="value" value="9"/></item>
<item name="C21" rev="14">
<attrib name="value" value="9"/></item>
<item name="C22" rev="14">
<attrib name="value" value="9"/></item>
<item name="C23" rev="14">
<attrib name="value" value="9"/></item>
<item name="C24" rev="14">
<attrib name="value" value="9"/></item>
<item name="C25" rev="14">
<attrib name="value" value="9"/></item>
<item name="C26" rev="14">
<attrib name="value" value="9"/></item>
<item name="C27" rev="14">
<attrib name="value" value="9"/></item>
<item name="C28" rev="14">
<attrib name="value" value="9"/></item>
<item name="C29" rev="14">
<attrib name="value" value="9"/></item>
<item name="C3" rev="14">
<attrib name="value" value="9"/></item>
<item name="C30" rev="14">
<attrib name="value" value="9"/></item>
<item name="C31" rev="14">
<attrib name="value" value="9"/></item>
<item name="C32" rev="14">
<attrib name="value" value="9"/></item>
<item name="C33" rev="14">
<attrib name="value" value="9"/></item>
<item name="C34" rev="14">
<attrib name="value" value="9"/></item>
<item name="C35" rev="14">
<attrib name="value" value="9"/></item>
<item name="C36" rev="14">
<attrib name="value" value="9"/></item>
<item name="C37" rev="14">
<attrib name="value" value="9"/></item>
<item name="C38" rev="14">
<attrib name="value" value="9"/></item>
<item name="C39" rev="14">
<attrib name="value" value="9"/></item>
<item name="C4" rev="14">
<attrib name="value" value="9"/></item>
<item name="C40" rev="14">
<attrib name="value" value="9"/></item>
<item name="C41" rev="14">
<attrib name="value" value="9"/></item>
<item name="C42" rev="14">
<attrib name="value" value="9"/></item>
<item name="C43" rev="14">
<attrib name="value" value="9"/></item>
<item name="C44" rev="14">
<attrib name="value" value="9"/></item>
<item name="C45" rev="14">
<attrib name="value" value="9"/></item>
<item name="C46" rev="14">
<attrib name="value" value="9"/></item>
<item name="C47" rev="14">
<attrib name="value" value="9"/></item>
<item name="C5" rev="14">
<attrib name="value" value="9"/></item>
<item name="C6" rev="14">
<attrib name="value" value="9"/></item>
<item name="C7" rev="14">
<attrib name="value" value="9"/></item>
<item name="C8" rev="14">
<attrib name="value" value="9"/></item>
<item name="C9" rev="14">
<attrib name="value" value="9"/></item>
<item name="CEA" rev="14">
<attrib name="value" value="9"/></item>
<item name="CEB" rev="14">
<attrib name="value" value="9"/></item>
<item name="CEC" rev="14">
<attrib name="value" value="9"/></item>
<item name="CECARRYIN" rev="14">
<attrib name="value" value="9"/></item>
<item name="CED" rev="14">
<attrib name="value" value="9"/></item>
<item name="CEM" rev="14">
<attrib name="value" value="9"/></item>
<item name="CEOPMODE" rev="14">
<attrib name="value" value="9"/></item>
<item name="CEP" rev="14">
<attrib name="value" value="9"/></item>
<item name="CLK" rev="14">
<attrib name="value" value="9"/></item>
<item name="D0" rev="14">
<attrib name="value" value="9"/></item>
<item name="D1" rev="14">
<attrib name="value" value="9"/></item>
<item name="D10" rev="14">
<attrib name="value" value="9"/></item>
<item name="D11" rev="14">
<attrib name="value" value="9"/></item>
<item name="D12" rev="14">
<attrib name="value" value="9"/></item>
<item name="D13" rev="14">
<attrib name="value" value="9"/></item>
<item name="D14" rev="14">
<attrib name="value" value="9"/></item>
<item name="D15" rev="14">
<attrib name="value" value="9"/></item>
<item name="D16" rev="14">
<attrib name="value" value="9"/></item>
<item name="D17" rev="14">
<attrib name="value" value="9"/></item>
<item name="D2" rev="14">
<attrib name="value" value="9"/></item>
<item name="D3" rev="14">
<attrib name="value" value="9"/></item>
<item name="D4" rev="14">
<attrib name="value" value="9"/></item>
<item name="D5" rev="14">
<attrib name="value" value="9"/></item>
<item name="D6" rev="14">
<attrib name="value" value="9"/></item>
<item name="D7" rev="14">
<attrib name="value" value="9"/></item>
<item name="D8" rev="14">
<attrib name="value" value="9"/></item>
<item name="D9" rev="14">
<attrib name="value" value="9"/></item>
<item name="M16" rev="14">
<attrib name="value" value="9"/></item>
<item name="M17" rev="14">
<attrib name="value" value="9"/></item>
<item name="M18" rev="14">
<attrib name="value" value="9"/></item>
<item name="M19" rev="14">
<attrib name="value" value="9"/></item>
<item name="M20" rev="14">
<attrib name="value" value="9"/></item>
<item name="M21" rev="14">
<attrib name="value" value="9"/></item>
<item name="M22" rev="14">
<attrib name="value" value="9"/></item>
<item name="M23" rev="14">
<attrib name="value" value="9"/></item>
<item name="OPMODE0" rev="14">
<attrib name="value" value="9"/></item>
<item name="OPMODE1" rev="14">
<attrib name="value" value="9"/></item>
<item name="OPMODE2" rev="14">
<attrib name="value" value="9"/></item>
<item name="OPMODE3" rev="14">
<attrib name="value" value="9"/></item>
<item name="OPMODE4" rev="14">
<attrib name="value" value="9"/></item>
<item name="OPMODE5" rev="14">
<attrib name="value" value="9"/></item>
<item name="OPMODE6" rev="14">
<attrib name="value" value="9"/></item>
<item name="OPMODE7" rev="14">
<attrib name="value" value="9"/></item>
<item name="RSTA" rev="14">
<attrib name="value" value="9"/></item>
<item name="RSTB" rev="14">
<attrib name="value" value="9"/></item>
<item name="RSTC" rev="14">
<attrib name="value" value="9"/></item>
<item name="RSTCARRYIN" rev="14">
<attrib name="value" value="9"/></item>
<item name="RSTD" rev="14">
<attrib name="value" value="9"/></item>
<item name="RSTM" rev="14">
<attrib name="value" value="9"/></item>
<item name="RSTOPMODE" rev="14">
<attrib name="value" value="9"/></item>
<item name="RSTP" rev="14">
<attrib name="value" value="9"/></item>
</group>
<group name="REG_SR">
<item name="CE" rev="14">
<attrib name="value" value="101"/></item>
<item name="CK" rev="14">
<attrib name="value" value="531"/></item>
<item name="D" rev="14">
<attrib name="value" value="531"/></item>
<item name="Q" rev="14">
<attrib name="value" value="531"/></item>
<item name="SR" rev="14">
<attrib name="value" value="168"/></item>
</group>
<group name="NULLMUX">
<item name="0" rev="14">
<attrib name="value" value="8"/></item>
<item name="OUT" rev="14">
<attrib name="value" value="8"/></item>
</group>
<group name="BUFPLL_BUFPLL">
<item name="GCLK" rev="14">
<attrib name="value" value="2"/></item>
<item name="IOCLK" rev="14">
<attrib name="value" value="2"/></item>
<item name="LOCK" rev="14">
<attrib name="value" value="1"/></item>
<item name="LOCKED" rev="14">
<attrib name="value" value="2"/></item>
<item name="PLLIN" rev="14">
<attrib name="value" value="2"/></item>
<item name="SERDESSTROBE" rev="14">
<attrib name="value" value="2"/></item>
</group>
<group name="LUT_OR_MEM5">
<item name="A1" rev="14">
<attrib name="value" value="76"/></item>
<item name="A2" rev="14">
<attrib name="value" value="76"/></item>
<item name="A3" rev="14">
<attrib name="value" value="76"/></item>
<item name="A4" rev="14">
<attrib name="value" value="76"/></item>
<item name="A5" rev="14">
<attrib name="value" value="76"/></item>
<item name="CLK" rev="14">
<attrib name="value" value="76"/></item>
<item name="DI1" rev="14">
<attrib name="value" value="76"/></item>
<item name="O5" rev="14">
<attrib name="value" value="48"/></item>
<item name="WA1" rev="14">
<attrib name="value" value="56"/></item>
<item name="WA2" rev="14">
<attrib name="value" value="56"/></item>
<item name="WA3" rev="14">
<attrib name="value" value="56"/></item>
<item name="WA4" rev="14">
<attrib name="value" value="56"/></item>
<item name="WA5" rev="14">
<attrib name="value" value="56"/></item>
<item name="WE" rev="14">
<attrib name="value" value="76"/></item>
</group>
<group name="LUT_OR_MEM6">
<item name="A1" rev="14">
<attrib name="value" value="87"/></item>
<item name="A2" rev="14">
<attrib name="value" value="87"/></item>
<item name="A3" rev="14">
<attrib name="value" value="87"/></item>
<item name="A4" rev="14">
<attrib name="value" value="87"/></item>
<item name="A5" rev="14">
<attrib name="value" value="87"/></item>
<item name="A6" rev="14">
<attrib name="value" value="87"/></item>
<item name="CLK" rev="14">
<attrib name="value" value="87"/></item>
<item name="DI1" rev="14">
<attrib name="value" value="8"/></item>
<item name="DI2" rev="14">
<attrib name="value" value="79"/></item>
<item name="O6" rev="14">
<attrib name="value" value="55"/></item>
<item name="WA1" rev="14">
<attrib name="value" value="64"/></item>
<item name="WA2" rev="14">
<attrib name="value" value="64"/></item>
<item name="WA3" rev="14">
<attrib name="value" value="64"/></item>
<item name="WA4" rev="14">
<attrib name="value" value="64"/></item>
<item name="WA5" rev="14">
<attrib name="value" value="64"/></item>
<item name="WA6" rev="14">
<attrib name="value" value="64"/></item>
<item name="WE" rev="14">
<attrib name="value" value="87"/></item>
</group>
<group name="IOBM_OUTBUF">
<item name="IN" rev="14">
<attrib name="value" value="4"/></item>
<item name="OUT" rev="14">
<attrib name="value" value="4"/></item>
<item name="OUTN" rev="14">
<attrib name="value" value="4"/></item>
</group>
<group name="DSP48A1_DSP48A1">
<item name="A0" rev="14">
<attrib name="value" value="9"/></item>
<item name="A1" rev="14">
<attrib name="value" value="9"/></item>
<item name="A10" rev="14">
<attrib name="value" value="9"/></item>
<item name="A11" rev="14">
<attrib name="value" value="9"/></item>
<item name="A12" rev="14">
<attrib name="value" value="9"/></item>
<item name="A13" rev="14">
<attrib name="value" value="9"/></item>
<item name="A14" rev="14">
<attrib name="value" value="9"/></item>
<item name="A15" rev="14">
<attrib name="value" value="9"/></item>
<item name="A16" rev="14">
<attrib name="value" value="9"/></item>
<item name="A17" rev="14">
<attrib name="value" value="9"/></item>
<item name="A2" rev="14">
<attrib name="value" value="9"/></item>
<item name="A3" rev="14">
<attrib name="value" value="9"/></item>
<item name="A4" rev="14">
<attrib name="value" value="9"/></item>
<item name="A5" rev="14">
<attrib name="value" value="9"/></item>
<item name="A6" rev="14">
<attrib name="value" value="9"/></item>
<item name="A7" rev="14">
<attrib name="value" value="9"/></item>
<item name="A8" rev="14">
<attrib name="value" value="9"/></item>
<item name="A9" rev="14">
<attrib name="value" value="9"/></item>
<item name="B0" rev="14">
<attrib name="value" value="9"/></item>
<item name="B1" rev="14">
<attrib name="value" value="9"/></item>
<item name="B10" rev="14">
<attrib name="value" value="9"/></item>
<item name="B11" rev="14">
<attrib name="value" value="9"/></item>
<item name="B12" rev="14">
<attrib name="value" value="9"/></item>
<item name="B13" rev="14">
<attrib name="value" value="9"/></item>
<item name="B14" rev="14">
<attrib name="value" value="9"/></item>
<item name="B15" rev="14">
<attrib name="value" value="9"/></item>
<item name="B16" rev="14">
<attrib name="value" value="9"/></item>
<item name="B17" rev="14">
<attrib name="value" value="9"/></item>
<item name="B2" rev="14">
<attrib name="value" value="9"/></item>
<item name="B3" rev="14">
<attrib name="value" value="9"/></item>
<item name="B4" rev="14">
<attrib name="value" value="9"/></item>
<item name="B5" rev="14">
<attrib name="value" value="9"/></item>
<item name="B6" rev="14">
<attrib name="value" value="9"/></item>
<item name="B7" rev="14">
<attrib name="value" value="9"/></item>
<item name="B8" rev="14">
<attrib name="value" value="9"/></item>
<item name="B9" rev="14">
<attrib name="value" value="9"/></item>
<item name="C0" rev="14">
<attrib name="value" value="9"/></item>
<item name="C1" rev="14">
<attrib name="value" value="9"/></item>
<item name="C10" rev="14">
<attrib name="value" value="9"/></item>
<item name="C11" rev="14">
<attrib name="value" value="9"/></item>
<item name="C12" rev="14">
<attrib name="value" value="9"/></item>
<item name="C13" rev="14">
<attrib name="value" value="9"/></item>
<item name="C14" rev="14">
<attrib name="value" value="9"/></item>
<item name="C15" rev="14">
<attrib name="value" value="9"/></item>
<item name="C16" rev="14">
<attrib name="value" value="9"/></item>
<item name="C17" rev="14">
<attrib name="value" value="9"/></item>
<item name="C18" rev="14">
<attrib name="value" value="9"/></item>
<item name="C19" rev="14">
<attrib name="value" value="9"/></item>
<item name="C2" rev="14">
<attrib name="value" value="9"/></item>
<item name="C20" rev="14">
<attrib name="value" value="9"/></item>
<item name="C21" rev="14">
<attrib name="value" value="9"/></item>
<item name="C22" rev="14">
<attrib name="value" value="9"/></item>
<item name="C23" rev="14">
<attrib name="value" value="9"/></item>
<item name="C24" rev="14">
<attrib name="value" value="9"/></item>
<item name="C25" rev="14">
<attrib name="value" value="9"/></item>
<item name="C26" rev="14">
<attrib name="value" value="9"/></item>
<item name="C27" rev="14">
<attrib name="value" value="9"/></item>
<item name="C28" rev="14">
<attrib name="value" value="9"/></item>
<item name="C29" rev="14">
<attrib name="value" value="9"/></item>
<item name="C3" rev="14">
<attrib name="value" value="9"/></item>
<item name="C30" rev="14">
<attrib name="value" value="9"/></item>
<item name="C31" rev="14">
<attrib name="value" value="9"/></item>
<item name="C32" rev="14">
<attrib name="value" value="9"/></item>
<item name="C33" rev="14">
<attrib name="value" value="9"/></item>
<item name="C34" rev="14">
<attrib name="value" value="9"/></item>
<item name="C35" rev="14">
<attrib name="value" value="9"/></item>
<item name="C36" rev="14">
<attrib name="value" value="9"/></item>
<item name="C37" rev="14">
<attrib name="value" value="9"/></item>
<item name="C38" rev="14">
<attrib name="value" value="9"/></item>
<item name="C39" rev="14">
<attrib name="value" value="9"/></item>
<item name="C4" rev="14">
<attrib name="value" value="9"/></item>
<item name="C40" rev="14">
<attrib name="value" value="9"/></item>
<item name="C41" rev="14">
<attrib name="value" value="9"/></item>
<item name="C42" rev="14">
<attrib name="value" value="9"/></item>
<item name="C43" rev="14">
<attrib name="value" value="9"/></item>
<item name="C44" rev="14">
<attrib name="value" value="9"/></item>
<item name="C45" rev="14">
<attrib name="value" value="9"/></item>
<item name="C46" rev="14">
<attrib name="value" value="9"/></item>
<item name="C47" rev="14">
<attrib name="value" value="9"/></item>
<item name="C5" rev="14">
<attrib name="value" value="9"/></item>
<item name="C6" rev="14">
<attrib name="value" value="9"/></item>
<item name="C7" rev="14">
<attrib name="value" value="9"/></item>
<item name="C8" rev="14">
<attrib name="value" value="9"/></item>
<item name="C9" rev="14">
<attrib name="value" value="9"/></item>
<item name="CEA" rev="14">
<attrib name="value" value="9"/></item>
<item name="CEB" rev="14">
<attrib name="value" value="9"/></item>
<item name="CEC" rev="14">
<attrib name="value" value="9"/></item>
<item name="CECARRYIN" rev="14">
<attrib name="value" value="9"/></item>
<item name="CED" rev="14">
<attrib name="value" value="9"/></item>
<item name="CEM" rev="14">
<attrib name="value" value="9"/></item>
<item name="CEOPMODE" rev="14">
<attrib name="value" value="9"/></item>
<item name="CEP" rev="14">
<attrib name="value" value="9"/></item>
<item name="CLK" rev="14">
<attrib name="value" value="9"/></item>
<item name="D0" rev="14">
<attrib name="value" value="9"/></item>
<item name="D1" rev="14">
<attrib name="value" value="9"/></item>
<item name="D10" rev="14">
<attrib name="value" value="9"/></item>
<item name="D11" rev="14">
<attrib name="value" value="9"/></item>
<item name="D12" rev="14">
<attrib name="value" value="9"/></item>
<item name="D13" rev="14">
<attrib name="value" value="9"/></item>
<item name="D14" rev="14">
<attrib name="value" value="9"/></item>
<item name="D15" rev="14">
<attrib name="value" value="9"/></item>
<item name="D16" rev="14">
<attrib name="value" value="9"/></item>
<item name="D17" rev="14">
<attrib name="value" value="9"/></item>
<item name="D2" rev="14">
<attrib name="value" value="9"/></item>
<item name="D3" rev="14">
<attrib name="value" value="9"/></item>
<item name="D4" rev="14">
<attrib name="value" value="9"/></item>
<item name="D5" rev="14">
<attrib name="value" value="9"/></item>
<item name="D6" rev="14">
<attrib name="value" value="9"/></item>
<item name="D7" rev="14">
<attrib name="value" value="9"/></item>
<item name="D8" rev="14">
<attrib name="value" value="9"/></item>
<item name="D9" rev="14">
<attrib name="value" value="9"/></item>
<item name="M16" rev="14">
<attrib name="value" value="9"/></item>
<item name="M17" rev="14">
<attrib name="value" value="9"/></item>
<item name="M18" rev="14">
<attrib name="value" value="9"/></item>
<item name="M19" rev="14">
<attrib name="value" value="9"/></item>
<item name="M20" rev="14">
<attrib name="value" value="9"/></item>
<item name="M21" rev="14">
<attrib name="value" value="9"/></item>
<item name="M22" rev="14">
<attrib name="value" value="9"/></item>
<item name="M23" rev="14">
<attrib name="value" value="9"/></item>
<item name="OPMODE0" rev="14">
<attrib name="value" value="9"/></item>
<item name="OPMODE1" rev="14">
<attrib name="value" value="9"/></item>
<item name="OPMODE2" rev="14">
<attrib name="value" value="9"/></item>
<item name="OPMODE3" rev="14">
<attrib name="value" value="9"/></item>
<item name="OPMODE4" rev="14">
<attrib name="value" value="9"/></item>
<item name="OPMODE5" rev="14">
<attrib name="value" value="9"/></item>
<item name="OPMODE6" rev="14">
<attrib name="value" value="9"/></item>
<item name="OPMODE7" rev="14">
<attrib name="value" value="9"/></item>
<item name="RSTA" rev="14">
<attrib name="value" value="9"/></item>
<item name="RSTB" rev="14">
<attrib name="value" value="9"/></item>
<item name="RSTC" rev="14">
<attrib name="value" value="9"/></item>
<item name="RSTCARRYIN" rev="14">
<attrib name="value" value="9"/></item>
<item name="RSTD" rev="14">
<attrib name="value" value="9"/></item>
<item name="RSTM" rev="14">
<attrib name="value" value="9"/></item>
<item name="RSTOPMODE" rev="14">
<attrib name="value" value="9"/></item>
<item name="RSTP" rev="14">
<attrib name="value" value="9"/></item>
</group>
<group name="BUFGMUX_BUFGMUX">
<item name="I0" rev="14">
<attrib name="value" value="1"/></item>
<item name="I1" rev="14">
<attrib name="value" value="1"/></item>
<item name="O" rev="14">
<attrib name="value" value="1"/></item>
<item name="S" rev="14">
<attrib name="value" value="1"/></item>
</group>
<group name="SLICEL">
<item name="A" rev="14">
<attrib name="value" value="10"/></item>
<item name="A1" rev="14">
<attrib name="value" value="5"/></item>
<item name="A2" rev="14">
<attrib name="value" value="7"/></item>
<item name="A3" rev="14">
<attrib name="value" value="7"/></item>
<item name="A4" rev="14">
<attrib name="value" value="21"/></item>
<item name="A5" rev="14">
<attrib name="value" value="35"/></item>
<item name="A6" rev="14">
<attrib name="value" value="48"/></item>
<item name="AMUX" rev="14">
<attrib name="value" value="11"/></item>
<item name="AQ" rev="14">
<attrib name="value" value="31"/></item>
<item name="AX" rev="14">
<attrib name="value" value="25"/></item>
<item name="B" rev="14">
<attrib name="value" value="11"/></item>
<item name="B1" rev="14">
<attrib name="value" value="6"/></item>
<item name="B2" rev="14">
<attrib name="value" value="10"/></item>
<item name="B3" rev="14">
<attrib name="value" value="11"/></item>
<item name="B4" rev="14">
<attrib name="value" value="22"/></item>
<item name="B5" rev="14">
<attrib name="value" value="33"/></item>
<item name="B6" rev="14">
<attrib name="value" value="46"/></item>
<item name="BMUX" rev="14">
<attrib name="value" value="10"/></item>
<item name="BQ" rev="14">
<attrib name="value" value="27"/></item>
<item name="BX" rev="14">
<attrib name="value" value="16"/></item>
<item name="C1" rev="14">
<attrib name="value" value="20"/></item>
<item name="C2" rev="14">
<attrib name="value" value="20"/></item>
<item name="C3" rev="14">
<attrib name="value" value="20"/></item>
<item name="C4" rev="14">
<attrib name="value" value="31"/></item>
<item name="C5" rev="14">
<attrib name="value" value="42"/></item>
<item name="C6" rev="14">
<attrib name="value" value="55"/></item>
<item name="CIN" rev="14">
<attrib name="value" value="8"/></item>
<item name="CLK" rev="14">
<attrib name="value" value="43"/></item>
<item name="CMUX" rev="14">
<attrib name="value" value="27"/></item>
<item name="COUT" rev="14">
<attrib name="value" value="8"/></item>
<item name="CQ" rev="14">
<attrib name="value" value="34"/></item>
<item name="CX" rev="14">
<attrib name="value" value="36"/></item>
<item name="D1" rev="14">
<attrib name="value" value="16"/></item>
<item name="D2" rev="14">
<attrib name="value" value="20"/></item>
<item name="D3" rev="14">
<attrib name="value" value="20"/></item>
<item name="D4" rev="14">
<attrib name="value" value="31"/></item>
<item name="D5" rev="14">
<attrib name="value" value="34"/></item>
<item name="D6" rev="14">
<attrib name="value" value="52"/></item>
<item name="DMUX" rev="14">
<attrib name="value" value="8"/></item>
<item name="DQ" rev="14">
<attrib name="value" value="35"/></item>
<item name="DX" rev="14">
<attrib name="value" value="8"/></item>
<item name="SR" rev="14">
<attrib name="value" value="12"/></item>
</group>
<group name="PLL_ADV_PLL_ADV">
<item name="CLKFBIN" rev="14">
<attrib name="value" value="2"/></item>
<item name="CLKFBOUT" rev="14">
<attrib name="value" value="2"/></item>
<item name="CLKIN1" rev="14">
<attrib name="value" value="2"/></item>
<item name="CLKOUT0" rev="14">
<attrib name="value" value="2"/></item>
<item name="CLKOUT1" rev="14">
<attrib name="value" value="1"/></item>
<item name="CLKOUT2" rev="14">
<attrib name="value" value="2"/></item>
<item name="LOCKED" rev="14">
<attrib name="value" value="2"/></item>
<item name="RST" rev="14">
<attrib name="value" value="2"/></item>
</group>
<group name="SLICEM">
<item name="A" rev="14">
<attrib name="value" value="8"/></item>
<item name="A1" rev="14">
<attrib name="value" value="22"/></item>
<item name="A2" rev="14">
<attrib name="value" value="22"/></item>
<item name="A3" rev="14">
<attrib name="value" value="22"/></item>
<item name="A4" rev="14">
<attrib name="value" value="22"/></item>
<item name="A5" rev="14">
<attrib name="value" value="22"/></item>
<item name="A6" rev="14">
<attrib name="value" value="22"/></item>
<item name="AI" rev="14">
<attrib name="value" value="20"/></item>
<item name="AMUX" rev="14">
<attrib name="value" value="19"/></item>
<item name="AQ" rev="14">
<attrib name="value" value="14"/></item>
<item name="AX" rev="14">
<attrib name="value" value="21"/></item>
<item name="B" rev="14">
<attrib name="value" value="8"/></item>
<item name="B1" rev="14">
<attrib name="value" value="22"/></item>
<item name="B2" rev="14">
<attrib name="value" value="22"/></item>
<item name="B3" rev="14">
<attrib name="value" value="22"/></item>
<item name="B4" rev="14">
<attrib name="value" value="22"/></item>
<item name="B5" rev="14">
<attrib name="value" value="22"/></item>
<item name="B6" rev="14">
<attrib name="value" value="22"/></item>
<item name="BI" rev="14">
<attrib name="value" value="20"/></item>
<item name="BMUX" rev="14">
<attrib name="value" value="19"/></item>
<item name="BQ" rev="14">
<attrib name="value" value="14"/></item>
<item name="BX" rev="14">
<attrib name="value" value="11"/></item>
<item name="C1" rev="14">
<attrib name="value" value="22"/></item>
<item name="C2" rev="14">
<attrib name="value" value="22"/></item>
<item name="C3" rev="14">
<attrib name="value" value="22"/></item>
<item name="C4" rev="14">
<attrib name="value" value="22"/></item>
<item name="C5" rev="14">
<attrib name="value" value="22"/></item>
<item name="C6" rev="14">
<attrib name="value" value="22"/></item>
<item name="CE" rev="14">
<attrib name="value" value="22"/></item>
<item name="CI" rev="14">
<attrib name="value" value="20"/></item>
<item name="CLK" rev="14">
<attrib name="value" value="22"/></item>
<item name="CMUX" rev="14">
<attrib name="value" value="5"/></item>
<item name="CQ" rev="14">
<attrib name="value" value="6"/></item>
<item name="CX" rev="14">
<attrib name="value" value="21"/></item>
<item name="D1" rev="14">
<attrib name="value" value="21"/></item>
<item name="D2" rev="14">
<attrib name="value" value="21"/></item>
<item name="D3" rev="14">
<attrib name="value" value="21"/></item>
<item name="D4" rev="14">
<attrib name="value" value="21"/></item>
<item name="D5" rev="14">
<attrib name="value" value="21"/></item>
<item name="D6" rev="14">
<attrib name="value" value="21"/></item>
<item name="DI" rev="14">
<attrib name="value" value="19"/></item>
<item name="DMUX" rev="14">
<attrib name="value" value="5"/></item>
<item name="DQ" rev="14">
<attrib name="value" value="5"/></item>
<item name="DX" rev="14">
<attrib name="value" value="21"/></item>
</group>
<group name="IOB_OUTBUF">
<item name="IN" rev="14">
<attrib name="value" value="8"/></item>
<item name="OUT" rev="14">
<attrib name="value" value="8"/></item>
</group>
<group name="SLICEX">
<item name="A" rev="14">
<attrib name="value" value="60"/></item>
<item name="A1" rev="14">
<attrib name="value" value="73"/></item>
<item name="A2" rev="14">
<attrib name="value" value="109"/></item>
<item name="A3" rev="14">
<attrib name="value" value="118"/></item>
<item name="A4" rev="14">
<attrib name="value" value="131"/></item>
<item name="A5" rev="14">
<attrib name="value" value="133"/></item>
<item name="A6" rev="14">
<attrib name="value" value="133"/></item>
<item name="AMUX" rev="14">
<attrib name="value" value="24"/></item>
<item name="AQ" rev="14">
<attrib name="value" value="126"/></item>
<item name="AX" rev="14">
<attrib name="value" value="35"/></item>
<item name="B" rev="14">
<attrib name="value" value="62"/></item>
<item name="B1" rev="14">
<attrib name="value" value="62"/></item>
<item name="B2" rev="14">
<attrib name="value" value="85"/></item>
<item name="B3" rev="14">
<attrib name="value" value="92"/></item>
<item name="B4" rev="14">
<attrib name="value" value="105"/></item>
<item name="B5" rev="14">
<attrib name="value" value="107"/></item>
<item name="B6" rev="14">
<attrib name="value" value="115"/></item>
<item name="BMUX" rev="14">
<attrib name="value" value="15"/></item>
<item name="BQ" rev="14">
<attrib name="value" value="88"/></item>
<item name="BX" rev="14">
<attrib name="value" value="19"/></item>
<item name="C" rev="14">
<attrib name="value" value="52"/></item>
<item name="C1" rev="14">
<attrib name="value" value="60"/></item>
<item name="C2" rev="14">
<attrib name="value" value="87"/></item>
<item name="C3" rev="14">
<attrib name="value" value="100"/></item>
<item name="C4" rev="14">
<attrib name="value" value="105"/></item>
<item name="C5" rev="14">
<attrib name="value" value="110"/></item>
<item name="C6" rev="14">
<attrib name="value" value="110"/></item>
<item name="CE" rev="14">
<attrib name="value" value="36"/></item>
<item name="CLK" rev="14">
<attrib name="value" value="179"/></item>
<item name="CMUX" rev="14">
<attrib name="value" value="33"/></item>
<item name="CQ" rev="14">
<attrib name="value" value="85"/></item>
<item name="CX" rev="14">
<attrib name="value" value="15"/></item>
<item name="D" rev="14">
<attrib name="value" value="60"/></item>
<item name="D1" rev="14">
<attrib name="value" value="60"/></item>
<item name="D2" rev="14">
<attrib name="value" value="76"/></item>
<item name="D3" rev="14">
<attrib name="value" value="89"/></item>
<item name="D4" rev="14">
<attrib name="value" value="100"/></item>
<item name="D5" rev="14">
<attrib name="value" value="102"/></item>
<item name="D6" rev="14">
<attrib name="value" value="101"/></item>
<item name="DMUX" rev="14">
<attrib name="value" value="32"/></item>
<item name="DQ" rev="14">
<attrib name="value" value="66"/></item>
<item name="DX" rev="14">
<attrib name="value" value="20"/></item>
<item name="SR" rev="14">
<attrib name="value" value="61"/></item>
</group>
<group name="BUFG_BUFG">
<item name="I0" rev="14">
<attrib name="value" value="4"/></item>
<item name="O" rev="14">
<attrib name="value" value="4"/></item>
</group>
<group name="IODELAY2">
<item name="BUSY" rev="14">
<attrib name="value" value="3"/></item>
<item name="CAL" rev="14">
<attrib name="value" value="6"/></item>
<item name="CE" rev="14">
<attrib name="value" value="6"/></item>
<item name="CLK" rev="14">
<attrib name="value" value="6"/></item>
<item name="DATAOUT" rev="14">
<attrib name="value" value="6"/></item>
<item name="IDATAIN" rev="14">
<attrib name="value" value="6"/></item>
<item name="INC" rev="14">
<attrib name="value" value="6"/></item>
<item name="IOCLK0" rev="14">
<attrib name="value" value="6"/></item>
<item name="RST" rev="14">
<attrib name="value" value="6"/></item>
</group>
<group name="OSERDES2">
<item name="CLK0" rev="14">
<attrib name="value" value="8"/></item>
<item name="CLKDIV" rev="14">
<attrib name="value" value="8"/></item>
<item name="D1" rev="14">
<attrib name="value" value="8"/></item>
<item name="D2" rev="14">
<attrib name="value" value="8"/></item>
<item name="D3" rev="14">
<attrib name="value" value="8"/></item>
<item name="D4" rev="14">
<attrib name="value" value="8"/></item>
<item name="IOCE" rev="14">
<attrib name="value" value="8"/></item>
<item name="OCE" rev="14">
<attrib name="value" value="8"/></item>
<item name="OQ" rev="14">
<attrib name="value" value="4"/></item>
<item name="RST" rev="14">
<attrib name="value" value="8"/></item>
<item name="SHIFTIN1" rev="14">
<attrib name="value" value="4"/></item>
<item name="SHIFTIN2" rev="14">
<attrib name="value" value="4"/></item>
<item name="SHIFTIN3" rev="14">
<attrib name="value" value="4"/></item>
<item name="SHIFTIN4" rev="14">
<attrib name="value" value="4"/></item>
<item name="SHIFTOUT1" rev="14">
<attrib name="value" value="4"/></item>
<item name="SHIFTOUT2" rev="14">
<attrib name="value" value="4"/></item>
<item name="SHIFTOUT3" rev="14">
<attrib name="value" value="4"/></item>
<item name="SHIFTOUT4" rev="14">
<attrib name="value" value="4"/></item>
<item name="T1" rev="14">
<attrib name="value" value="8"/></item>
<item name="T2" rev="14">
<attrib name="value" value="8"/></item>
<item name="T3" rev="14">
<attrib name="value" value="8"/></item>
<item name="T4" rev="14">
<attrib name="value" value="8"/></item>
<item name="TCE" rev="14">
<attrib name="value" value="8"/></item>
<item name="TRAIN" rev="14">
<attrib name="value" value="8"/></item>
</group>
<group name="PAD">
<item name="PAD" rev="14">
<attrib name="value" value="28"/></item>
</group>
<group name="ISERDES2_ISERDES2">
<item name="BITSLIP" rev="14">
<attrib name="value" value="6"/></item>
<item name="CE0" rev="14">
<attrib name="value" value="6"/></item>
<item name="CLK0" rev="14">
<attrib name="value" value="6"/></item>
<item name="CLKDIV" rev="14">
<attrib name="value" value="6"/></item>
<item name="DDLY" rev="14">
<attrib name="value" value="6"/></item>
<item name="INCDEC" rev="14">
<attrib name="value" value="3"/></item>
<item name="IOCE" rev="14">
<attrib name="value" value="6"/></item>
<item name="Q1" rev="14">
<attrib name="value" value="3"/></item>
<item name="Q2" rev="14">
<attrib name="value" value="3"/></item>
<item name="Q3" rev="14">
<attrib name="value" value="3"/></item>
<item name="Q4" rev="14">
<attrib name="value" value="6"/></item>
<item name="RST" rev="14">
<attrib name="value" value="6"/></item>
<item name="SHIFTIN" rev="14">
<attrib name="value" value="6"/></item>
<item name="SHIFTOUT" rev="14">
<attrib name="value" value="6"/></item>
<item name="VALID" rev="14">
<attrib name="value" value="3"/></item>
</group>
<group name="IOB_INBUF">
<item name="DIFFI_IN" rev="14">
<attrib name="value" value="4"/></item>
<item name="OUT" rev="14">
<attrib name="value" value="8"/></item>
<item name="PAD" rev="14">
<attrib name="value" value="8"/></item>
</group>
<group name="PLL_ADV">
<item name="CLKFBIN" rev="14">
<attrib name="value" value="2"/></item>
<item name="CLKFBOUT" rev="14">
<attrib name="value" value="2"/></item>
<item name="CLKIN1" rev="14">
<attrib name="value" value="2"/></item>
<item name="CLKOUT0" rev="14">
<attrib name="value" value="2"/></item>
<item name="CLKOUT1" rev="14">
<attrib name="value" value="1"/></item>
<item name="CLKOUT2" rev="14">
<attrib name="value" value="2"/></item>
<item name="LOCKED" rev="14">
<attrib name="value" value="2"/></item>
<item name="RST" rev="14">
<attrib name="value" value="2"/></item>
</group>
<group name="ISERDES2">
<item name="BITSLIP" rev="14">
<attrib name="value" value="6"/></item>
<item name="CE0" rev="14">
<attrib name="value" value="6"/></item>
<item name="CLK0" rev="14">
<attrib name="value" value="6"/></item>
<item name="CLKDIV" rev="14">
<attrib name="value" value="6"/></item>
<item name="DDLY" rev="14">
<attrib name="value" value="6"/></item>
<item name="INCDEC" rev="14">
<attrib name="value" value="3"/></item>
<item name="IOCE" rev="14">
<attrib name="value" value="6"/></item>
<item name="Q1" rev="14">
<attrib name="value" value="3"/></item>
<item name="Q2" rev="14">
<attrib name="value" value="3"/></item>
<item name="Q3" rev="14">
<attrib name="value" value="3"/></item>
<item name="Q4" rev="14">
<attrib name="value" value="6"/></item>
<item name="RST" rev="14">
<attrib name="value" value="6"/></item>
<item name="SHIFTIN" rev="14">
<attrib name="value" value="6"/></item>
<item name="SHIFTOUT" rev="14">
<attrib name="value" value="6"/></item>
<item name="VALID" rev="14">
<attrib name="value" value="3"/></item>
</group>
<group name="IOBM">
<item name="DIFFO_OUT" rev="14">
<attrib name="value" value="4"/></item>
<item name="O" rev="14">
<attrib name="value" value="4"/></item>
<item name="PAD" rev="14">
<attrib name="value" value="4"/></item>
</group>
<group name="CARRY4">
<item name="CIN" rev="14">
<attrib name="value" value="8"/></item>
<item name="CO3" rev="14">
<attrib name="value" value="16"/></item>
<item name="CYINIT" rev="14">
<attrib name="value" value="28"/></item>
<item name="DI0" rev="14">
<attrib name="value" value="35"/></item>
<item name="DI1" rev="14">
<attrib name="value" value="35"/></item>
<item name="DI2" rev="14">
<attrib name="value" value="35"/></item>
<item name="DI3" rev="14">
<attrib name="value" value="16"/></item>
<item name="O0" rev="14">
<attrib name="value" value="36"/></item>
<item name="O1" rev="14">
<attrib name="value" value="35"/></item>
<item name="O2" rev="14">
<attrib name="value" value="35"/></item>
<item name="O3" rev="14">
<attrib name="value" value="35"/></item>
<item name="S0" rev="14">
<attrib name="value" value="36"/></item>
<item name="S1" rev="14">
<attrib name="value" value="35"/></item>
<item name="S2" rev="14">
<attrib name="value" value="35"/></item>
<item name="S3" rev="14">
<attrib name="value" value="35"/></item>
</group>
<group name="IOBS">
<item name="DIFFO_IN" rev="14">
<attrib name="value" value="4"/></item>
<item name="PAD" rev="14">
<attrib name="value" value="4"/></item>
</group>
<group name="BUFIO2_BUFIO2">
<item name="DIVCLK" rev="14">
<attrib name="value" value="1"/></item>
<item name="I" rev="14">
<attrib name="value" value="1"/></item>
</group>
<group name="LUT5">
<item name="A1" rev="14">
<attrib name="value" value="51"/></item>
<item name="A2" rev="14">
<attrib name="value" value="77"/></item>
<item name="A3" rev="14">
<attrib name="value" value="83"/></item>
<item name="A4" rev="14">
<attrib name="value" value="65"/></item>
<item name="A5" rev="14">
<attrib name="value" value="92"/></item>
<item name="O5" rev="14">
<attrib name="value" value="174"/></item>
</group>
<group name="LUT6">
<item name="A1" rev="14">
<attrib name="value" value="260"/></item>
<item name="A2" rev="14">
<attrib name="value" value="374"/></item>
<item name="A3" rev="14">
<attrib name="value" value="451"/></item>
<item name="A4" rev="14">
<attrib name="value" value="545"/></item>
<item name="A5" rev="14">
<attrib name="value" value="588"/></item>
<item name="A6" rev="14">
<attrib name="value" value="660"/></item>
<item name="O6" rev="14">
<attrib name="value" value="675"/></item>
</group>
<group name="SELMUX2_1">
<item name="0" rev="14">
<attrib name="value" value="20"/></item>
<item name="1" rev="14">
<attrib name="value" value="20"/></item>
<item name="OUT" rev="14">
<attrib name="value" value="20"/></item>
<item name="S0" rev="14">
<attrib name="value" value="20"/></item>
</group>
<group name="OSERDES2_OSERDES2">
<item name="CLK0" rev="14">
<attrib name="value" value="8"/></item>
<item name="CLKDIV" rev="14">
<attrib name="value" value="8"/></item>
<item name="D1" rev="14">
<attrib name="value" value="8"/></item>
<item name="D2" rev="14">
<attrib name="value" value="8"/></item>
<item name="D3" rev="14">
<attrib name="value" value="8"/></item>
<item name="D4" rev="14">
<attrib name="value" value="8"/></item>
<item name="IOCE" rev="14">
<attrib name="value" value="8"/></item>
<item name="OCE" rev="14">
<attrib name="value" value="8"/></item>
<item name="OQ" rev="14">
<attrib name="value" value="4"/></item>
<item name="RST" rev="14">
<attrib name="value" value="8"/></item>
<item name="SHIFTIN1" rev="14">
<attrib name="value" value="4"/></item>
<item name="SHIFTIN2" rev="14">
<attrib name="value" value="4"/></item>
<item name="SHIFTIN3" rev="14">
<attrib name="value" value="4"/></item>
<item name="SHIFTIN4" rev="14">
<attrib name="value" value="4"/></item>
<item name="SHIFTOUT1" rev="14">
<attrib name="value" value="4"/></item>
<item name="SHIFTOUT2" rev="14">
<attrib name="value" value="4"/></item>
<item name="SHIFTOUT3" rev="14">
<attrib name="value" value="4"/></item>
<item name="SHIFTOUT4" rev="14">
<attrib name="value" value="4"/></item>
<item name="T1" rev="14">
<attrib name="value" value="8"/></item>
<item name="T2" rev="14">
<attrib name="value" value="8"/></item>
<item name="T3" rev="14">
<attrib name="value" value="8"/></item>
<item name="T4" rev="14">
<attrib name="value" value="8"/></item>
<item name="TCE" rev="14">
<attrib name="value" value="8"/></item>
<item name="TRAIN" rev="14">
<attrib name="value" value="8"/></item>
</group>
<group name="IOB_IMUX">
<item name="I" rev="14">
<attrib name="value" value="8"/></item>
<item name="OUT" rev="14">
<attrib name="value" value="8"/></item>
</group>
<group name="IOB">
<item name="DIFFI_IN" rev="14">
<attrib name="value" value="4"/></item>
<item name="I" rev="14">
<attrib name="value" value="8"/></item>
<item name="O" rev="14">
<attrib name="value" value="8"/></item>
<item name="PAD" rev="14">
<attrib name="value" value="20"/></item>
<item name="PADOUT" rev="14">
<attrib name="value" value="4"/></item>
</group>
<group name="BUFGMUX">
<item name="I0" rev="14">
<attrib name="value" value="1"/></item>
<item name="I1" rev="14">
<attrib name="value" value="1"/></item>
<item name="O" rev="14">
<attrib name="value" value="1"/></item>
<item name="S" rev="14">
<attrib name="value" value="1"/></item>
</group>
<group name="IODELAY2_IODELAY2">
<item name="BUSY" rev="14">
<attrib name="value" value="3"/></item>
<item name="CAL" rev="14">
<attrib name="value" value="6"/></item>
<item name="CE" rev="14">
<attrib name="value" value="6"/></item>
<item name="CLK" rev="14">
<attrib name="value" value="6"/></item>
<item name="DATAOUT" rev="14">
<attrib name="value" value="6"/></item>
<item name="IDATAIN" rev="14">
<attrib name="value" value="6"/></item>
<item name="INC" rev="14">
<attrib name="value" value="6"/></item>
<item name="IOCLK0" rev="14">
<attrib name="value" value="6"/></item>
<item name="RST" rev="14">
<attrib name="value" value="6"/></item>
</group>
<group name="HARD0">
<item name="0" rev="14">
<attrib name="value" value="19"/></item>
</group>
<group name="FF_SR">
<item name="CE" rev="14">
<attrib name="value" value="23"/></item>
<item name="CK" rev="14">
<attrib name="value" value="101"/></item>
<item name="D" rev="14">
<attrib name="value" value="101"/></item>
<item name="Q" rev="14">
<attrib name="value" value="101"/></item>
<item name="SR" rev="14">
<attrib name="value" value="36"/></item>
</group>
<group name="BUFG">
<item name="I0" rev="14">
<attrib name="value" value="4"/></item>
<item name="O" rev="14">
<attrib name="value" value="4"/></item>
</group>
<group name="BUFPLL">
<item name="GCLK" rev="14">
<attrib name="value" value="2"/></item>
<item name="IOCLK" rev="14">
<attrib name="value" value="2"/></item>
<item name="LOCK" rev="14">
<attrib name="value" value="1"/></item>
<item name="LOCKED" rev="14">
<attrib name="value" value="2"/></item>
<item name="PLLIN" rev="14">
<attrib name="value" value="2"/></item>
<item name="SERDESSTROBE" rev="14">
<attrib name="value" value="2"/></item>
</group>
</ReportPinData>
<CmdHistory>
</CmdHistory>
</DeviceUsageSummary>
